Is Captain(1=yes),Is Wktkeeper(1=Yes),Nationality(1=Overseas),Team,IPL 4 Franchise,Player cost USD,matches,innings played,no,runs scored,highest score,Is star batsman,Is batsman,Batting avg,Balls faced,Strike rate,100 runs made,50 runs made,4s,6s,Catches per match,Catches taken,stumping made,Is bowler?,Number of balls bowled,runs given,Is star bowler,wkts taken,Bowling average,Bowling econ,sr,4w,5w,Retained,matches_bat_ipl,total_runs_scored_ipl,balls_faced_ipl,batting_avg_ipl,highest_score_ipl,strike_rate_ipl,centuries_ipl,half_centuries_ipl,fours_ipl,sixes_ipl,matches_bowl_ipl,balls_bowled_ipl,total_runs_given_ipl,wickets_taken_ipl,bowling_avg_ipl,economy_ipl,3wickets_ipl
0.0,0.0,1,Australia,Mumbai Indians,20000.0,40.0,40.0,3.0,817.0,89,0.0,1.0,22.08,542.0,150.73,0.0,2.0,115.0,27.0,0.375,15.0,0.0,0.0,6.0,10.0,0.0,0.0,0.0,10.0,0.0,0.0,0.0,0,0.0,0.0,0.0,0.0,0.0,0.0,0.0,0.0,0.0,0.0,0.0,0.0,0.0,0.0,0.0,0.0,0.0
0.0,0.0,1,South Africa,Royal Challengers Bangalore,20000.0,18.0,18.0,1.0,356.0,71,0.0,1.0,20.94,298.0,119.46,0.0,3.0,29.0,14.0,0.1111111111111111,2.0,0.0,0.0,0.0,0.0,0.0,0.0,0.0,0.0,0.0,0.0,0.0,0,0.0,0.0,0.0,0.0,0.0,0.0,0.0,0.0,0.0,0.0,0.0,0.0,0.0,0.0,0.0,0.0,0.0
0.0,0.0,1,Australia,Kings XI Punjab,20000.0,23.0,8.0,5.0,33.0,24,0.0,0.0,11.0,25.0,132.0,0.0,0.0,3.0,1.0,0.3043478260869565,7.0,0.0,1.0,466.0,563.0,0.0,31.0,18.16,7.24,15.0,0.0,1.0,0,0.0,0.0,0.0,0.0,0.0,0.0,0.0,0.0,0.0,0.0,0.0,0.0,0.0,0.0,0.0,0.0,0.0
0.0,0.0,1,South Africa,Royal Challengers Bangalore,20000.0,20.0,20.0,0.0,343.0,65,0.0,1.0,17.15,307.0,111.72,0.0,1.0,32.0,11.0,0.4,8.0,0.0,0.0,0.0,0.0,0.0,0.0,0.0,0.0,0.0,0.0,0.0,0,0.0,0.0,0.0,0.0,0.0,0.0,0.0,0.0,0.0,0.0,0.0,0.0,0.0,0.0,0.0,0.0,0.0
0.0,0.0,1,South Africa,Delhi Daredevils,20000.0,25.0,22.0,8.0,213.0,32,0.0,0.0,15.21,129.0,165.11,0.0,0.0,17.0,14.0,0.36,9.0,0.0,1.0,498.0,623.0,0.0,26.0,23.96,7.5,19.1,1.0,0.0,0,0.0,0.0,0.0,0.0,0.0,0.0,0.0,0.0,0.0,0.0,0.0,0.0,0.0,0.0,0.0,0.0,0.0
0.0,0.0,1,Australia,Delhi Daredevils,20000.0,45.0,43.0,3.0,820.0,58,0.0,1.0,20.5,626.0,130.99,0.0,2.0,69.0,33.0,0.4,18.0,0.0,0.0,0.0,0.0,0.0,0.0,0.0,0.0,0.0,0.0,0.0,0,0.0,0.0,0.0,0.0,0.0,0.0,0.0,0.0,0.0,0.0,0.0,0.0,0.0,0.0,0.0,0.0,0.0
0.0,0.0,1,Australia,Chennai Super Kings,50000.0,32.0,28.0,4.0,714.0,60,0.0,1.0,29.75,521.0,137.04,0.0,5.0,59.0,26.0,0.28125,9.0,0.0,0.0,12.0,24.0,0.0,0.0,0.0,12.0,0.0,0.0,0.0,0,1.0,18.0,27.0,18.0,18.0,66.66666666666666,0.0,0.0,2.0,0.0,0.0,0.0,0.0,0.0,0.0,0.0,0.0
0.0,0.0,1,South Africa,Royal Challengers Bangalore,50000.0,78.0,57.0,18.0,672.0,48,0.0,1.0,17.23,510.0,131.76,0.0,0.0,40.0,37.0,0.08974358974358974,7.0,0.0,1.0,1555.0,1984.0,0.0,78.0,25.43,7.65,19.9,0.0,0.0,0,0.0,0.0,0.0,0.0,0.0,0.0,0.0,0.0,0.0,0.0,0.0,0.0,0.0,0.0,0.0,0.0,0.0
0.0,0.0,1,Australia,Royal Challengers Bangalore,50000.0,35.0,33.0,5.0,623.0,79,0.0,1.0,22.25,480.0,129.79,0.0,2.0,51.0,30.0,0.4571428571428571,16.0,0.0,0.0,0.0,0.0,0.0,0.0,0.0,0.0,0.0,0.0,0.0,0,0.0,0.0,0.0,0.0,0.0,0.0,0.0,0.0,0.0,0.0,0.0,0.0,0.0,0.0,0.0,0.0,0.0
0.0,0.0,1,Australia,Mumbai Indians,50000.0,40.0,35.0,5.0,549.0,51,0.0,1.0,18.3,457.0,120.13,0.0,1.0,46.0,10.0,0.575,23.0,0.0,1.0,645.0,914.0,0.0,31.0,29.48,8.5,20.8,0.0,0.0,0,1.0,11.0,5.0,11.0,11.0,220.00000000000003,0.0,0.0,2.0,0.0,1.0,24.0,35.0,1.0,35.0,8.75,0.0
0.0,0.0,1,South Africa,Delhi Daredevils,50000.0,59.0,41.0,11.0,721.0,89,0.0,1.0,24.03,538.0,134.01,0.0,5.0,58.0,38.0,0.4406779661016949,26.0,0.0,1.0,1200.0,1441.0,0.0,65.0,22.16,7.2,18.4,0.0,0.0,0,1.0,1.0,2.0,1.0,1.0,50.0,0.0,0.0,0.0,0.0,1.0,27.0,24.0,2.0,24.0,6.0,0.0
0.0,0.0,1,Australia,Kochi,75000.0,30.0,29.0,4.0,690.0,78,0.0,1.0,27.6,549.0,125.68,0.0,4.0,64.0,20.0,0.3,9.0,0.0,0.0,0.0,0.0,0.0,0.0,0.0,0.0,0.0,0.0,0.0,0,0.0,0.0,0.0,0.0,0.0,0.0,0.0,0.0,0.0,0.0,0.0,0.0,0.0,0.0,0.0,0.0,0.0
0.0,0.0,1,Australia,Delhi Daredevils,80000.0,62.0,55.0,21.0,1267.0,96,0.0,1.0,37.26,1004.0,126.19,0.0,8.0,96.0,27.0,0.4032258064516129,25.0,0.0,1.0,1076.0,1388.0,0.0,62.0,22.38,7.73,17.3,1.0,1.0,0,3.0,65.0,54.0,21.66666666666667,33.0,137.3357228195938,0.0,0.0,3.0,2.0,4.0,85.0,137.0,8.0,34.25,9.625,2.0
0.0,0.0,1,England,Deccan Chargers,80000.0,103.0,103.0,6.0,2161.0,124,0.0,1.0,22.27,1511.0,143.01,1.0,12.0,285.0,71.0,0.32038834951456313,33.0,0.0,0.0,36.0,65.0,0.0,3.0,21.66,10.83,12.0,0.0,0.0,0,11.0,278.0,196.0,25.272727272727273,83.0,114.92684055542736,0.0,1.0,45.0,6.0,0.0,0.0,0.0,0.0,0.0,0.0,0.0
0.0,0.0,1,Sri Lanka,Chennai Super Kings,80000.0,29.0,8.0,1.0,43.0,20,0.0,0.0,6.14,34.0,126.47,0.0,0.0,2.0,2.0,0.3448275862068966,10.0,0.0,1.0,538.0,644.0,0.0,27.0,23.85,7.18,19.9,0.0,0.0,0,0.0,0.0,0.0,0.0,0.0,0.0,0.0,0.0,0.0,0.0,0.0,0.0,0.0,0.0,0.0,0.0,0.0
0.0,0.0,1,Sri Lanka,Kochi,80000.0,40.0,30.0,10.0,209.0,24,0.0,0.0,10.45,176.0,118.75,0.0,0.0,16.0,10.0,0.35,14.0,0.0,1.0,689.0,843.0,0.0,38.0,22.18,7.34,18.1,0.0,0.0,0,0.0,0.0,0.0,0.0,0.0,0.0,0.0,0.0,0.0,0.0,1.0,6.0,19.0,0.0,19.0,19.0,0.0
0.0,0.0,1,South Africa,Deccan Chargers,85000.0,50.0,18.0,9.0,71.0,24,0.0,0.0,7.88,70.0,101.42,0.0,0.0,4.0,1.0,0.34,17.0,0.0,1.0,1098.0,1280.0,0.0,58.0,22.06,6.99,18.9,1.0,0.0,0,0.0,0.0,0.0,0.0,0.0,0.0,0.0,0.0,0.0,0.0,0.0,0.0,0.0,0.0,0.0,0.0,0.0
0.0,0.0,1,South Africa,Pune Warriors,100000.0,104.0,33.0,19.0,173.0,30,0.0,0.0,12.35,158.0,109.49,0.0,0.0,19.0,2.0,0.2980769230769231,31.0,0.0,1.0,2049.0,2481.0,1.0,125.0,19.84,7.26,16.3,1.0,0.0,0,0.0,0.0,0.0,0.0,0.0,0.0,0.0,0.0,0.0,0.0,0.0,0.0,0.0,0.0,0.0,0.0,0.0
0.0,0.0,1,Australia,Chennai Super Kings,100000.0,21.0,9.0,4.0,28.0,7,0.0,0.0,5.6,43.0,65.11,0.0,0.0,0.0,1.0,0.09523809523809523,2.0,0.0,1.0,439.0,519.0,0.0,25.0,20.76,7.09,17.5,0.0,0.0,0,0.0,0.0,0.0,0.0,0.0,0.0,0.0,0.0,0.0,0.0,0.0,0.0,0.0,0.0,0.0,0.0,0.0
0.0,0.0,1,South Africa,Delhi Daredevils,100000.0,32.0,31.0,4.0,686.0,84,0.0,1.0,25.4,570.0,120.35,0.0,4.0,59.0,26.0,0.25,8.0,0.0,0.0,0.0,0.0,0.0,0.0,0.0,0.0,0.0,0.0,0.0,0,0.0,0.0,0.0,0.0,0.0,0.0,0.0,0.0,0.0,0.0,0.0,0.0,0.0,0.0,0.0,0.0,0.0
0.0,0.0,1,England,Kings XI Punjab,100000.0,81.0,71.0,20.0,1045.0,57,0.0,1.0,20.49,829.0,126.05,0.0,3.0,70.0,38.0,0.2716049382716049,22.0,0.0,1.0,1609.0,1883.0,1.0,101.0,18.64,7.02,15.9,1.0,1.0,0,2.0,12.0,11.0,6.0,9.0,114.28571428571428,0.0,0.0,0.0,0.0,2.0,48.0,65.0,4.0,32.5,8.125,0.0
0.0,0.0,1,New Zealand,Mumbai Indians,100000.0,72.0,64.0,17.0,1531.0,90,1.0,1.0,32.57,1187.0,128.98,0.0,6.0,109.0,55.0,0.2777777777777778,20.0,0.0,1.0,1074.0,1473.0,0.0,40.0,36.82,8.22,26.8,0.0,0.0,0,0.0,0.0,0.0,0.0,0.0,0.0,0.0,0.0,0.0,0.0,0.0,0.0,0.0,0.0,0.0,0.0,0.0
0.0,0.0,1,West Indies,Pune Warriors,100000.0,35.0,15.0,7.0,70.0,16,0.0,0.0,8.75,53.0,132.07,0.0,0.0,4.0,3.0,0.2,7.0,0.0,1.0,751.0,941.0,0.0,49.0,19.2,7.51,15.3,0.0,1.0,0,0.0,0.0,0.0,0.0,0.0,0.0,0.0,0.0,0.0,0.0,0.0,0.0,0.0,0.0,0.0,0.0,0.0
0.0,1.0,1,Australia,Delhi Daredevils,100000.0,27.0,22.0,4.0,349.0,80,0.0,1.0,19.38,299.0,116.72,0.0,2.0,30.0,11.0,0.4814814814814815,13.0,2.0,0.0,0.0,0.0,0.0,0.0,0.0,0.0,0.0,0.0,0.0,0,0.0,0.0,0.0,0.0,0.0,0.0,0.0,0.0,0.0,0.0,0.0,0.0,0.0,0.0,0.0,0.0,0.0
0.0,0.0,1,New Zealand,Pune Warriors,100000.0,73.0,59.0,18.0,989.0,76,0.0,1.0,24.12,730.0,135.47,0.0,3.0,61.0,47.0,0.410958904109589,30.0,0.0,1.0,1327.0,1543.0,1.0,71.0,21.73,6.97,18.6,2.0,0.0,0,0.0,0.0,0.0,0.0,0.0,0.0,0.0,0.0,0.0,0.0,0.0,0.0,0.0,0.0,0.0,0.0,0.0
0.0,0.0,1,Sri Lanka,Chennai Super Kings,100000.0,31.0,22.0,8.0,155.0,30,0.0,0.0,11.07,124.0,125.0,0.0,0.0,5.0,8.0,0.3870967741935484,12.0,0.0,1.0,674.0,862.0,0.0,32.0,26.93,7.67,21.0,0.0,0.0,0,0.0,0.0,0.0,0.0,0.0,0.0,0.0,0.0,0.0,0.0,0.0,0.0,0.0,0.0,0.0,0.0,0.0
0.0,1.0,0,India,Chennai Super Kings,100000.0,56.0,43.0,17.0,747.0,85,0.0,1.0,28.73,550.0,135.81,0.0,3.0,61.0,32.0,0.4821428571428572,27.0,6.0,0.0,0.0,0.0,0.0,0.0,0.0,0.0,0.0,0.0,0.0,0,6.0,67.0,53.0,11.166666666666664,22.0,120.59074912016091,0.0,0.0,9.0,1.0,0.0,0.0,0.0,0.0,0.0,0.0,0.0
0.0,0.0,1,Australia,Mumbai Indians,110000.0,31.0,16.0,7.0,122.0,21,0.0,0.0,13.55,80.0,152.5,0.0,0.0,7.0,8.0,0.12903225806451613,4.0,0.0,1.0,687.0,945.0,0.0,43.0,21.97,8.25,15.9,1.0,0.0,0,0.0,0.0,0.0,0.0,0.0,0.0,0.0,0.0,0.0,0.0,0.0,0.0,0.0,0.0,0.0,0.0,0.0
0.0,0.0,1,South Africa,Chennai Super Kings,120000.0,43.0,38.0,4.0,692.0,78,0.0,1.0,20.35,589.0,117.48,0.0,3.0,67.0,17.0,0.32558139534883723,14.0,0.0,1.0,528.0,626.0,0.0,34.0,18.41,7.11,15.5,0.0,0.0,0,0.0,0.0,0.0,0.0,0.0,0.0,0.0,0.0,0.0,0.0,0.0,0.0,0.0,0.0,0.0,0.0,0.0
0.0,0.0,0,India,Royal Challengers Bangalore,130000.0,45.0,38.0,6.0,676.0,68,0.0,1.0,21.12,615.0,109.91,0.0,4.0,72.0,11.0,0.4888888888888889,22.0,0.0,0.0,0.0,0.0,0.0,0.0,0.0,0.0,0.0,0.0,0.0,0,3.0,28.0,31.0,9.333333333333334,14.0,95.83333333333334,0.0,0.0,2.0,0.0,0.0,0.0,0.0,0.0,0.0,0.0,0.0
0.0,0.0,1,South Africa,Royal Challengers Bangalore,140000.0,83.0,18.0,11.0,64.0,13,0.0,0.0,9.14,73.0,87.67,0.0,0.0,4.0,2.0,0.2289156626506024,19.0,0.0,1.0,1758.0,2121.0,1.0,111.0,19.1,7.23,15.8,4.0,1.0,0,1.0,0.0,1.0,0.0,0.0,0.0,0.0,0.0,0.0,0.0,3.0,70.0,84.0,5.0,28.0,7.944444444444443,0.0
0.0,0.0,1,New Zealand,Pune Warriors,150000.0,52.0,51.0,2.0,1088.0,86,0.0,1.0,22.2,773.0,140.75,0.0,8.0,118.0,45.0,0.3076923076923077,16.0,0.0,0.0,454.0,610.0,0.0,13.0,46.92,8.06,34.9,0.0,0.0,0,0.0,0.0,0.0,0.0,0.0,0.0,0.0,0.0,0.0,0.0,0.0,0.0,0.0,0.0,0.0,0.0,0.0
0.0,0.0,0,India,Chennai Super Kings,150000.0,41.0,22.0,6.0,224.0,35,0.0,0.0,14.0,170.0,131.76,0.0,0.0,16.0,11.0,0.3170731707317073,13.0,0.0,1.0,757.0,1016.0,0.0,36.0,28.22,8.05,21.0,0.0,0.0,0,0.0,0.0,0.0,0.0,0.0,0.0,0.0,0.0,0.0,0.0,3.0,51.0,86.0,2.0,28.66666666666667,10.833333333333336,0.0
0.0,0.0,1,Netherlands,Kolkata Knight Riders,150000.0,107.0,93.0,22.0,1843.0,102,0.0,1.0,25.95,1428.0,129.06,1.0,4.0,117.0,70.0,0.3364485981308411,36.0,0.0,1.0,1061.0,1410.0,0.0,60.0,23.5,7.97,17.6,1.0,0.0,0,0.0,0.0,0.0,0.0,0.0,0.0,0.0,0.0,0.0,0.0,0.0,0.0,0.0,0.0,0.0,0.0,0.0
0.0,0.0,1,South Africa,Pune Warriors,160000.0,42.0,16.0,8.0,101.0,16,0.0,0.0,12.62,103.0,98.05,0.0,0.0,5.0,1.0,0.11904761904761905,5.0,0.0,1.0,865.0,1017.0,0.0,41.0,24.8,7.05,21.0,1.0,0.0,0,0.0,0.0,0.0,0.0,0.0,0.0,0.0,0.0,0.0,0.0,0.0,0.0,0.0,0.0,0.0,0.0,0.0
0.0,1.0,1,South Africa,Mumbai Indians,190000.0,61.0,58.0,9.0,1313.0,74,0.0,1.0,26.79,1115.0,117.75,0.0,6.0,115.0,46.0,0.4918032786885246,30.0,6.0,0.0,6.0,14.0,0.0,0.0,0.0,14.0,0.0,0.0,0.0,0,0.0,0.0,0.0,0.0,0.0,0.0,0.0,0.0,0.0,0.0,0.0,0.0,0.0,0.0,0.0,0.0,0.0
0.0,0.0,1,West Indies,Chennai Super Kings,200000.0,87.0,72.0,17.0,1317.0,70,0.0,1.0,23.94,1035.0,127.24,0.0,8.0,97.0,57.0,0.4482758620689655,39.0,0.0,1.0,1546.0,2123.0,0.0,82.0,25.89,8.23,18.8,2.0,0.0,0,8.0,61.0,53.0,7.625,23.0,115.38938492063492,0.0,0.0,3.0,4.0,10.0,162.0,223.0,5.0,22.3,8.238596491228071,0.0
0.0,0.0,1,England,Kochi,200000.0,115.0,109.0,22.0,2842.0,80,1.0,1.0,32.66,2196.0,129.41,0.0,15.0,227.0,117.0,0.3391304347826087,39.0,0.0,0.0,51.0,69.0,0.0,5.0,13.8,8.11,10.2,0.0,0.0,0,5.0,115.0,96.0,23.0,58.0,107.52685421994886,0.0,1.0,7.0,5.0,0.0,0.0,0.0,0.0,0.0,0.0,0.0
0.0,0.0,1,New Zealand,Chennai Super Kings,200000.0,120.0,112.0,13.0,2481.0,106,0.0,1.0,25.06,1878.0,132.1,1.0,9.0,167.0,118.0,0.25833333333333336,31.0,0.0,1.0,1874.0,2354.0,0.0,88.0,26.75,7.53,21.2,0.0,0.0,0,0.0,0.0,0.0,0.0,0.0,0.0,0.0,0.0,0.0,0.0,0.0,0.0,0.0,0.0,0.0,0.0,0.0
0.0,0.0,1,Australia,Kochi,200000.0,41.0,32.0,8.0,417.0,35,0.0,1.0,17.37,350.0,119.14,0.0,0.0,37.0,8.0,0.5609756097560976,23.0,0.0,1.0,582.0,719.0,0.0,42.0,17.11,7.41,13.8,2.0,0.0,0,0.0,0.0,0.0,0.0,0.0,0.0,0.0,0.0,0.0,0.0,0.0,0.0,0.0,0.0,0.0,0.0,0.0
0.0,0.0,0,India,Delhi Daredevils,210000.0,48.0,27.0,12.0,229.0,39,0.0,0.0,15.26,182.0,125.82,0.0,0.0,18.0,6.0,0.08333333333333333,4.0,0.0,1.0,912.0,1263.0,0.0,40.0,31.57,8.3,22.8,0.0,0.0,0,4.0,40.0,30.0,10.0,17.0,145.41666666666666,0.0,0.0,4.0,0.0,7.0,136.0,199.0,4.0,28.42857142857143,9.226190476190476,0.0
0.0,0.0,0,India,Chennai Super Kings,240000.0,14.0,2.0,1.0,2.0,2,0.0,0.0,2.0,7.0,28.57,0.0,0.0,0.0,0.0,0.21428571428571427,3.0,0.0,1.0,258.0,320.0,0.0,20.0,16.0,7.44,12.9,0.0,0.0,0,1.0,3.0,4.0,3.0,3.0,75.0,0.0,0.0,0.0,0.0,6.0,102.0,152.0,1.0,25.33333333333333,10.877525252525253,0.0
0.0,0.0,0,India,Kolkata Knight Riders,250000.0,14.0,2.0,1.0,2.0,2,0.0,0.0,2.0,7.0,28.57,0.0,0.0,0.0,0.0,0.21428571428571427,3.0,0.0,1.0,258.0,320.0,0.0,20.0,16.0,7.44,12.9,0.0,0.0,0,0.0,0.0,0.0,0.0,0.0,0.0,0.0,0.0,0.0,0.0,3.0,62.0,85.0,4.0,28.33333333333333,8.988095238095239,1.0
0.0,0.0,1,England,Rajasthan Royals,250000.0,67.0,58.0,5.0,973.0,79,0.0,1.0,18.35,803.0,121.17,0.0,6.0,61.0,41.0,0.31343283582089554,21.0,0.0,1.0,625.0,736.0,0.0,52.0,14.15,7.06,12.0,3.0,2.0,0,7.0,203.0,159.0,29.0,75.0,109.4370501823918,0.0,3.0,9.0,13.0,6.0,90.0,100.0,5.0,16.666666666666668,7.094444444444443,0.0
0.0,1.0,0,India,Delhi Daredevils,270000.0,53.0,53.0,5.0,1016.0,94,0.0,1.0,21.16,867.0,117.18,0.0,5.0,95.0,53.0,0.5660377358490566,30.0,7.0,0.0,0.0,0.0,0.0,0.0,0.0,0.0,0.0,0.0,0.0,0,14.0,377.0,294.0,26.92857142857143,94.0,111.84473196477998,0.0,2.0,42.0,15.0,0.0,0.0,0.0,0.0,0.0,0.0,0.0
0.0,1.0,1,Australia,Pune Warriors,270000.0,26.0,22.0,0.0,379.0,71,0.0,1.0,17.22,280.0,135.35,0.0,2.0,32.0,15.0,0.6923076923076923,18.0,4.0,0.0,0.0,0.0,0.0,0.0,0.0,0.0,0.0,0.0,0.0,0,0.0,0.0,0.0,0.0,0.0,0.0,0.0,0.0,0.0,0.0,0.0,0.0,0.0,0.0,0.0,0.0,0.0
0.0,0.0,0,India,Deccan Chargers,290000.0,39.0,18.0,7.0,152.0,34,0.0,0.0,13.81,106.0,143.39,0.0,0.0,8.0,10.0,0.1282051282051282,5.0,0.0,1.0,785.0,1014.0,0.0,39.0,26.0,7.75,20.1,1.0,0.0,0,1.0,2.0,7.0,2.0,2.0,33.33333333333333,0.0,0.0,0.0,0.0,3.0,51.0,89.0,1.0,29.66666666666667,11.0,0.0
0.0,1.0,0,India,Kochi,290000.0,58.0,56.0,5.0,1028.0,57,0.0,1.0,20.15,947.0,108.55,0.0,4.0,135.0,14.0,0.4310344827586207,25.0,9.0,0.0,0.0,0.0,0.0,0.0,0.0,0.0,0.0,0.0,0.0,0,4.0,72.0,83.0,18.0,57.0,74.56896551724137,0.0,1.0,6.0,2.0,0.0,0.0,0.0,0.0,0.0,0.0,0.0
0.0,0.0,1,Australia,Delhi Daredevils,300000.0,30.0,27.0,5.0,824.0,93,0.0,1.0,37.45,625.0,131.84,0.0,6.0,76.0,29.0,0.4666666666666667,14.0,0.0,0.0,19.0,18.0,0.0,0.0,0.0,5.68,0.0,0.0,0.0,0,1.0,21.0,21.0,21.0,21.0,100.0,0.0,0.0,0.0,1.0,1.0,7.0,5.0,0.0,5.0,4.285714285714286,0.0
0.0,0.0,0,India,Deccan Chargers,300000.0,67.0,39.0,14.0,402.0,49,0.0,1.0,16.08,360.0,111.66,0.0,0.0,43.0,4.0,0.2388059701492537,16.0,0.0,1.0,1495.0,1697.0,1.0,93.0,18.24,6.81,16.0,1.0,2.0,0,7.0,39.0,54.0,5.571428571428571,12.0,78.01587301587301,0.0,0.0,1.0,0.0,14.0,329.0,352.0,20.0,25.142857142857146,6.6607142857142865,2.0
0.0,0.0,1,Australia,Pune Warriors,300000.0,34.0,31.0,5.0,566.0,71,0.0,1.0,21.76,470.0,120.42,0.0,3.0,51.0,10.0,0.5294117647058824,18.0,0.0,0.0,0.0,0.0,0.0,0.0,0.0,0.0,0.0,0.0,0.0,0,0.0,0.0,0.0,0.0,0.0,0.0,0.0,0.0,0.0,0.0,0.0,0.0,0.0,0.0,0.0,0.0,0.0
0.0,0.0,1,South Africa,Deccan Chargers,300000.0,100.0,96.0,22.0,2415.0,99,1.0,1.0,32.63,2014.0,119.91,0.0,16.0,194.0,75.0,0.33,33.0,0.0,1.0,517.0,652.0,0.0,27.0,24.14,7.56,19.1,1.0,0.0,0,7.0,157.0,134.0,22.428571428571423,42.0,117.71604109480052,0.0,0.0,13.0,5.0,2.0,33.0,37.0,1.0,18.5,6.9,0.0
0.0,0.0,1,Australia,Rajasthan Royals,300000.0,62.0,20.0,7.0,87.0,14,0.0,0.0,6.69,114.0,76.31,0.0,0.0,4.0,4.0,0.2419354838709677,15.0,0.0,1.0,1368.0,1751.0,1.0,87.0,20.12,7.67,15.7,1.0,0.0,0,2.0,12.0,13.0,6.0,11.0,95.83333333333331,0.0,0.0,0.0,1.0,8.0,205.0,236.0,12.0,29.5,7.547697368421053,2.0
0.0,0.0,0,India,Deccan Chargers,300000.0,59.0,58.0,8.0,1411.0,95,0.0,1.0,28.22,1233.0,114.43,0.0,10.0,151.0,26.0,0.4576271186440678,27.0,0.0,0.0,12.0,11.0,0.0,1.0,11.0,5.5,12.0,0.0,0.0,0,10.0,191.0,180.0,19.1,56.0,94.17110667110666,0.0,2.0,23.0,3.0,0.0,0.0,0.0,0.0,0.0,0.0,0.0
0.0,1.0,1,Australia,Kolkata Knight Riders,325000.0,36.0,34.0,4.0,576.0,54,0.0,1.0,19.2,503.0,114.51,0.0,2.0,44.0,17.0,0.5833333333333334,21.0,11.0,0.0,0.0,0.0,0.0,0.0,0.0,0.0,0.0,0.0,0.0,0,0.0,0.0,0.0,0.0,0.0,0.0,0.0,0.0,0.0,0.0,0.0,0.0,0.0,0.0,0.0,0.0,0.0
0.0,0.0,1,Australia,Kings XI Punjab,325000.0,51.0,29.0,11.0,179.0,31,0.0,0.0,9.94,180.0,99.44,0.0,0.0,7.0,5.0,0.392156862745098,20.0,0.0,1.0,1117.0,1392.0,0.0,66.0,21.09,7.47,16.9,0.0,0.0,0,5.0,45.0,39.0,9.0,15.0,108.38888888888887,0.0,0.0,2.0,2.0,8.0,195.0,216.0,15.0,27.0,6.973484848484849,3.0
0.0,0.0,1,England,Kolkata Knight Riders,350000.0,79.0,72.0,11.0,1584.0,85,0.0,1.0,25.96,1223.0,129.51,0.0,7.0,144.0,55.0,0.4177215189873418,33.0,0.0,0.0,0.0,0.0,0.0,0.0,0.0,0.0,0.0,0.0,0.0,0,4.0,35.0,31.0,8.75,17.0,103.82326007326007,0.0,0.0,2.0,1.0,0.0,0.0,0.0,0.0,0.0,0.0,0.0
0.0,0.0,1,Australia,Delhi Daredevils,350000.0,60.0,52.0,8.0,1151.0,71,0.0,1.0,26.15,886.0,129.9,0.0,10.0,132.0,21.0,0.26666666666666666,16.0,0.0,1.0,1065.0,1499.0,0.0,43.0,34.86,8.44,24.7,0.0,0.0,0,0.0,0.0,0.0,0.0,0.0,0.0,0.0,0.0,0.0,0.0,0.0,0.0,0.0,0.0,0.0,0.0,0.0
0.0,0.0,0,India,Delhi Daredevils,375000.0,50.0,11.0,4.0,25.0,19,0.0,0.0,3.57,37.0,67.56,0.0,0.0,1.0,0.0,0.1,5.0,0.0,1.0,949.0,1099.0,0.0,48.0,22.89,6.94,19.7,1.0,0.0,0,1.0,0.0,1.0,0.0,0.0,0.0,0.0,0.0,0.0,0.0,7.0,144.0,147.0,12.0,21.0,6.855263157894738,2.0
0.0,0.0,1,Australia,Kolkata Knight Riders,400000.0,55.0,29.0,14.0,235.0,48,0.0,0.0,15.66,181.0,129.83,0.0,0.0,18.0,12.0,0.3272727272727273,18.0,0.0,1.0,1206.0,1447.0,0.0,44.0,32.88,7.19,27.4,0.0,0.0,0,3.0,11.0,11.0,3.6666666666666665,7.0,113.33333333333331,0.0,0.0,1.0,0.0,4.0,91.0,137.0,0.0,34.25,9.2375,0.0
0.0,0.0,0,India,Pune Warriors,400000.0,97.0,28.0,13.0,223.0,28,0.0,0.0,14.86,216.0,103.24,0.0,0.0,17.0,3.0,0.28865979381443296,28.0,0.0,1.0,2038.0,2260.0,0.0,77.0,29.35,6.65,26.4,0.0,1.0,0,2.0,22.0,22.0,11.0,21.0,77.5,0.0,0.0,2.0,0.0,10.0,238.0,249.0,10.0,24.9,6.366666666666666,0.0
0.0,0.0,1,Australia,Kings XI Punjab,400000.0,56.0,55.0,7.0,2135.0,115,0.0,1.0,44.47,1552.0,137.56,2.0,16.0,200.0,85.0,0.35714285714285715,20.0,0.0,0.0,12.0,13.0,0.0,0.0,0.0,6.5,0.0,0.0,0.0,0,4.0,147.0,117.0,36.75,88.0,74.47119571979593,0.0,2.0,14.0,6.0,0.0,0.0,0.0,0.0,0.0,0.0,0.0
0.0,0.0,1,England,Kings XI Punjab,400000.0,45.0,14.0,6.0,45.0,10,0.0,0.0,5.62,45.0,100.0,0.0,0.0,3.0,1.0,0.3111111111111111,14.0,0.0,1.0,978.0,1101.0,0.0,55.0,20.01,6.75,17.7,0.0,0.0,0,0.0,0.0,0.0,0.0,0.0,0.0,0.0,0.0,0.0,0.0,0.0,0.0,0.0,0.0,0.0,0.0,0.0
0.0,0.0,0,India,Kochi,400000.0,25.0,25.0,3.0,491.0,78,0.0,1.0,22.31,428.0,114.71,0.0,3.0,57.0,8.0,0.16,4.0,0.0,0.0,0.0,0.0,0.0,0.0,0.0,0.0,0.0,0.0,0.0,0,6.0,64.0,62.0,10.666666666666666,22.0,102.7056277056277,0.0,0.0,7.0,1.0,0.0,0.0,0.0,0.0,0.0,0.0,0.0
0.0,0.0,1,Australia,Kochi,425000.0,127.0,124.0,19.0,3690.0,106,1.0,1.0,35.14,2917.0,126.49,2.0,24.0,394.0,89.0,0.3464566929133858,44.0,0.0,1.0,906.0,1142.0,0.0,56.0,20.39,7.56,16.1,3.0,0.0,0,4.0,99.0,95.0,24.75,50.0,90.359477124183,0.0,1.0,11.0,1.0,4.0,30.0,41.0,2.0,10.25,8.5,0.0
0.0,0.0,1,Australia,Chennai Super Kings,425000.0,60.0,52.0,13.0,1633.0,116,1.0,1.0,41.87,1272.0,128.38,1.0,11.0,152.0,40.0,0.5666666666666667,34.0,0.0,0.0,6.0,5.0,0.0,0.0,0.0,5.0,0.0,0.0,0.0,0,3.0,37.0,44.0,12.333333333333336,15.0,83.13131313131315,0.0,0.0,2.0,0.0,0.0,0.0,0.0,0.0,0.0,0.0,0.0
0.0,0.0,1,Bangladesh,Kolkata Knight Riders,425000.0,40.0,36.0,1.0,432.0,47,0.0,1.0,12.34,409.0,105.62,0.0,0.0,33.0,9.0,0.35,14.0,0.0,1.0,885.0,978.0,0.0,55.0,17.78,6.63,16.0,2.0,0.0,0,0.0,0.0,0.0,0.0,0.0,0.0,0.0,0.0,0.0,0.0,0.0,0.0,0.0,0.0,0.0,0.0,0.0
0.0,0.0,0,India,Deccan Chargers,450000.0,58.0,19.0,15.0,45.0,9,0.0,0.0,11.25,54.0,83.33,0.0,0.0,3.0,1.0,0.1724137931034483,10.0,0.0,1.0,1221.0,1562.0,0.0,43.0,36.32,7.67,28.3,0.0,1.0,0,2.0,6.0,17.0,3.0,6.0,20.0,0.0,0.0,0.0,0.0,7.0,160.0,225.0,7.0,32.142857142857146,9.642857142857142,0.0
0.0,1.0,1,New Zealand,Kochi,475000.0,112.0,111.0,13.0,3073.0,158,1.0,1.0,31.35,2252.0,136.45,3.0,15.0,309.0,132.0,0.4553571428571429,51.0,4.0,0.0,0.0,0.0,0.0,0.0,0.0,0.0,0.0,0.0,0.0,0,5.0,114.0,117.0,22.8,57.0,80.01298701298701,0.0,1.0,14.0,2.0,0.0,0.0,0.0,0.0,0.0,0.0,0.0
0.0,0.0,0,India,Kolkata Knight Riders,475000.0,60.0,54.0,15.0,1350.0,75,0.0,1.0,34.61,1139.0,118.52,0.0,8.0,112.0,35.0,0.4666666666666667,28.0,0.0,0.0,216.0,262.0,0.0,10.0,26.2,7.27,21.6,0.0,0.0,0,11.0,237.0,192.0,21.545454545454547,75.0,99.91673751935758,0.0,2.0,23.0,5.0,1.0,7.0,10.0,1.0,10.0,10.0,0.0
0.0,0.0,1,South Africa,Delhi Daredevils,475000.0,56.0,17.0,10.0,76.0,16,0.0,0.0,10.85,78.0,97.43,0.0,0.0,6.0,2.0,0.14285714285714285,8.0,0.0,1.0,1192.0,1401.0,0.0,59.0,23.74,7.05,20.2,2.0,0.0,0,2.0,9.0,16.0,4.5,7.0,61.111111111111114,0.0,0.0,1.0,0.0,2.0,46.0,62.0,0.0,31.0,9.0,0.0
0.0,0.0,0,India,Kochi,475000.0,64.0,33.0,9.0,235.0,25,0.0,0.0,9.79,197.0,119.28,0.0,0.0,15.0,9.0,0.203125,13.0,0.0,1.0,1254.0,1649.0,0.0,64.0,25.76,7.88,19.5,1.0,0.0,0,5.0,27.0,35.0,5.4,10.0,88.09523809523809,0.0,0.0,1.0,0.0,14.0,284.0,389.0,19.0,27.785714285714285,8.590616246498598,3.0
0.0,0.0,1,South Africa,Chennai Super Kings,500000.0,154.0,126.0,45.0,2259.0,71,0.0,1.0,27.88,1586.0,142.43,0.0,6.0,156.0,126.0,0.2077922077922078,32.0,0.0,1.0,2622.0,3508.0,0.0,128.0,27.4,8.02,20.4,2.0,0.0,1,11.0,199.0,135.0,18.09090909090909,62.0,125.95982448923624,0.0,1.0,10.0,13.0,14.0,295.0,392.0,14.0,28.0,7.735119047619048,1.0
0.0,0.0,1,South Africa,Pune Warriors,500000.0,79.0,79.0,6.0,2258.0,105,1.0,1.0,30.93,1819.0,124.13,1.0,11.0,280.0,48.0,0.4430379746835443,35.0,0.0,0.0,96.0,148.0,0.0,4.0,37.0,9.25,24.0,0.0,0.0,0,2.0,44.0,40.0,22.0,26.0,112.03208556149731,0.0,0.0,7.0,0.0,0.0,0.0,0.0,0.0,0.0,0.0,0.0
0.0,0.0,0,India,Kolkata Knight Riders,500000.0,56.0,12.0,5.0,27.0,15,0.0,0.0,3.85,40.0,67.5,0.0,0.0,1.0,1.0,0.14285714285714285,8.0,0.0,1.0,1091.0,1439.0,0.0,57.0,25.24,7.91,19.1,1.0,1.0,0,3.0,18.0,20.0,6.0,15.0,62.5,0.0,0.0,1.0,1.0,7.0,147.0,192.0,10.0,27.42857142857143,7.693877551020408,1.0
0.0,0.0,1,Sri Lanka,Mumbai Indians,500000.0,88.0,24.0,12.0,76.0,27,0.0,0.0,6.33,85.0,89.41,0.0,0.0,3.0,4.0,0.2840909090909091,25.0,0.0,1.0,1885.0,2111.0,1.0,114.0,18.51,6.71,16.5,1.0,1.0,1,1.0,1.0,1.0,1.0,1.0,100.0,0.0,0.0,0.0,0.0,13.0,310.0,320.0,17.0,24.615384615384613,6.65,3.0
0.0,0.0,0,India,Deccan Chargers,500000.0,67.0,19.0,10.0,32.0,11,0.0,0.0,3.55,35.0,91.42,0.0,0.0,0.0,2.0,0.19402985074626866,13.0,0.0,1.0,1411.0,1638.0,1.0,83.0,19.73,6.96,17.0,1.0,0.0,0,3.0,3.0,8.0,1.0,2.0,41.66666666666667,0.0,0.0,0.0,0.0,16.0,360.0,418.0,22.0,26.125,7.29098731884058,1.0
0.0,0.0,0,India,Rajasthan Royals,500000.0,66.0,59.0,6.0,1530.0,75,0.0,1.0,28.86,1303.0,117.42,0.0,7.0,174.0,22.0,0.19696969696969696,13.0,0.0,0.0,0.0,0.0,0.0,0.0,0.0,0.0,0.0,0.0,0.0,0,11.0,256.0,203.0,23.272727272727273,52.0,127.11967073330709,0.0,1.0,34.0,3.0,0.0,0.0,0.0,0.0,0.0,0.0,0.0
0.0,0.0,0,India,Kochi,500000.0,78.0,36.0,17.0,93.0,18,0.0,0.0,4.89,113.0,82.3,0.0,0.0,4.0,2.0,0.38461538461538464,30.0,0.0,1.0,1704.0,2129.0,1.0,92.0,23.14,7.49,18.5,3.0,1.0,0,5.0,9.0,20.0,1.8,4.0,61.00000000000001,0.0,0.0,0.0,0.0,12.0,266.0,354.0,14.0,29.5,8.597222222222221,2.0
1.0,0.0,1,New Zealand,Royal Challengers Bangalore,550000.0,70.0,47.0,14.0,692.0,57,0.0,1.0,20.96,578.0,119.72,0.0,1.0,59.0,14.0,0.37142857142857133,26.0,0.0,1.0,1592.0,1632.0,1.0,79.0,20.65,6.15,20.1,1.0,0.0,0,3.0,33.0,28.0,11.0,19.0,120.58823529411764,0.0,0.0,4.0,0.0,3.0,72.0,95.0,3.0,31.66666666666667,8.113636363636365,0.0
0.0,0.0,1,Australia,Royal Challengers Bangalore,650000.0,117.0,17.0,12.0,42.0,12,0.0,0.0,8.4,47.0,89.36,0.0,0.0,3.0,1.0,0.1452991452991453,17.0,0.0,1.0,2566.0,3022.0,1.0,153.0,19.75,7.06,16.7,5.0,1.0,0,2.0,4.0,13.0,2.0,3.0,38.63636363636363,0.0,0.0,0.0,0.0,9.0,218.0,209.0,11.0,23.222222222222218,6.06140350877193,0.0
0.0,0.0,1,England,Deccan Chargers,650000.0,62.0,61.0,7.0,1733.0,79,1.0,1.0,32.09,1249.0,138.75,0.0,9.0,171.0,50.0,0.3870967741935484,24.0,0.0,0.0,324.0,425.0,0.0,17.0,25.0,7.87,19.0,0.0,0.0,0,7.0,236.0,159.0,33.714285714285715,66.0,145.3355525513291,0.0,2.0,23.0,8.0,6.0,60.0,77.0,3.0,12.833333333333336,8.166666666666666,0.0
0.0,1.0,1,Sri Lanka,Royal Challengers Bangalore,650000.0,88.0,85.0,11.0,1873.0,96,0.0,1.0,25.31,1556.0,120.37,0.0,13.0,222.0,40.0,0.4318181818181818,38.0,3.0,0.0,505.0,599.0,0.0,18.0,33.27,7.11,28.0,0.0,0.0,0,6.0,44.0,55.0,7.333333333333332,17.0,59.02777777777778,0.0,0.0,6.0,0.0,4.0,49.0,70.0,3.0,17.5,9.899038461538463,0.0
0.0,0.0,0,India,Royal Challengers Bangalore,700000.0,25.0,17.0,3.0,304.0,45,0.0,1.0,21.71,272.0,111.76,0.0,0.0,35.0,5.0,0.4,10.0,0.0,0.0,0.0,0.0,0.0,0.0,0.0,0.0,0.0,0.0,0.0,0,6.0,122.0,119.0,20.33333333333333,45.0,110.17060278902383,0.0,0.0,14.0,3.0,0.0,0.0,0.0,0.0,0.0,0.0,0.0
0.0,0.0,1,Australia,Chennai Super Kings,700000.0,48.0,4.0,3.0,23.0,16,0.0,0.0,23.0,23.0,100.0,0.0,0.0,2.0,1.0,0.2708333333333333,13.0,0.0,1.0,1016.0,1249.0,0.0,54.0,23.12,7.37,18.8,1.0,0.0,0,2.0,18.0,17.0,9.0,16.0,94.87179487179485,0.0,0.0,1.0,1.0,8.0,193.0,199.0,13.0,24.875,6.520833333333334,1.0
1.0,1.0,1,Sri Lanka,Deccan Chargers,700000.0,95.0,91.0,7.0,2583.0,94,1.0,1.0,30.75,2028.0,127.36,0.0,17.0,293.0,44.0,0.631578947368421,60.0,24.0,0.0,0.0,0.0,0.0,0.0,0.0,0.0,0.0,0.0,0.0,0,12.0,357.0,260.0,29.75,56.0,134.17250573500576,0.0,2.0,47.0,5.0,0.0,0.0,0.0,0.0,0.0,0.0,0.0
0.0,0.0,0,India,Mumbai Indians,700000.0,48.0,10.0,5.0,37.0,23,0.0,0.0,7.4,33.0,112.12,0.0,0.0,5.0,0.0,0.20833333333333331,10.0,0.0,1.0,997.0,1219.0,0.0,57.0,21.38,7.33,17.4,0.0,1.0,0,2.0,4.0,5.0,2.0,4.0,66.66666666666666,0.0,0.0,0.0,0.0,4.0,78.0,118.0,5.0,29.5,8.9375,0.0
0.0,0.0,0,India,Delhi Daredevils,700000.0,61.0,55.0,8.0,1072.0,71,0.0,1.0,22.8,875.0,122.51,0.0,6.0,80.0,41.0,0.2459016393442623,15.0,0.0,0.0,282.0,406.0,0.0,8.0,50.75,8.63,35.2,0.0,0.0,0,4.0,34.0,44.0,8.5,24.0,64.16666666666666,0.0,0.0,3.0,1.0,1.0,6.0,10.0,0.0,10.0,10.0,0.0
0.0,0.0,1,Australia,Delhi Daredevils,750000.0,105.0,105.0,5.0,2836.0,107,0.0,1.0,28.36,2034.0,139.42,1.0,18.0,296.0,114.0,0.42857142857142855,45.0,0.0,0.0,0.0,0.0,0.0,0.0,0.0,0.0,0.0,0.0,0.0,0,11.0,282.0,195.0,25.63636363636364,107.0,112.1954070884552,1.0,2.0,27.0,14.0,0.0,0.0,0.0,0.0,0.0,0.0,0.0
0.0,0.0,0,India,Kings XI Punjab,800000.0,46.0,38.0,8.0,653.0,57,0.0,1.0,21.76,522.0,125.09,0.0,1.0,54.0,25.0,0.2826086956521739,13.0,0.0,0.0,241.0,348.0,0.0,9.0,38.66,8.66,26.7,0.0,0.0,0,3.0,58.0,51.0,19.33333333333333,27.0,118.21326821326821,0.0,0.0,4.0,2.0,0.0,0.0,0.0,0.0,0.0,0.0,0.0
0.0,0.0,0,India,Kings XI Punjab,800000.0,69.0,38.0,12.0,342.0,76,0.0,1.0,13.15,283.0,120.84,0.0,1.0,27.0,17.0,0.13043478260869565,9.0,0.0,1.0,1462.0,1853.0,0.0,61.0,30.37,7.6,23.9,0.0,0.0,0,3.0,4.0,8.0,1.3333333333333333,3.0,36.66666666666667,0.0,0.0,0.0,0.0,12.0,288.0,358.0,12.0,29.83333333333333,8.152777777777779,1.0
0.0,0.0,1,Australia,Mumbai Indians,850000.0,89.0,81.0,18.0,2115.0,117,1.0,1.0,33.57,1422.0,148.73,2.0,12.0,190.0,83.0,0.4719101123595506,42.0,0.0,1.0,1225.0,1641.0,0.0,52.0,31.55,8.03,23.5,0.0,1.0,0,16.0,429.0,356.0,26.8125,54.0,110.18497191615307,0.0,4.0,35.0,18.0,16.0,325.0,365.0,13.0,22.8125,6.911458333333334,1.0
0.0,0.0,0,India,Pune Warriors,850000.0,42.0,11.0,6.0,49.0,22,0.0,0.0,9.8,50.0,98.0,0.0,0.0,3.0,3.0,0.35714285714285715,15.0,0.0,1.0,906.0,1130.0,0.0,50.0,22.6,7.48,18.1,0.0,0.0,0,2.0,23.0,20.0,11.5,22.0,85.83333333333333,0.0,0.0,2.0,1.0,4.0,85.0,95.0,6.0,23.75,6.4375,1.0
0.0,0.0,0,India,Chennai Super Kings,850000.0,52.0,15.0,5.0,52.0,11,0.0,0.0,5.2,73.0,71.23,0.0,0.0,4.0,0.0,0.2692307692307692,14.0,0.0,1.0,1176.0,1232.0,0.0,67.0,18.38,6.28,17.5,1.0,0.0,0,6.0,30.0,40.0,5.0,11.0,66.58119658119658,0.0,0.0,2.0,0.0,12.0,297.0,284.0,14.0,23.66666666666667,5.916666666666668,1.0
0.0,0.0,0,India,Chennai Super Kings,850000.0,83.0,68.0,21.0,1525.0,71,1.0,1.0,32.44,1285.0,118.67,0.0,12.0,149.0,36.0,0.21686746987951808,18.0,0.0,0.0,18.0,22.0,0.0,1.0,22.0,7.33,18.0,0.0,0.0,0,15.0,356.0,310.0,23.73333333333333,55.0,132.92508699299708,0.0,2.0,41.0,5.0,0.0,0.0,0.0,0.0,0.0,0.0,0.0
1.0,1.0,1,Australia,Kings XI Punjab,900000.0,82.0,82.0,2.0,2156.0,109,0.0,1.0,26.95,1497.0,144.02,3.0,11.0,234.0,110.0,0.6951219512195121,57.0,22.0,0.0,0.0,0.0,0.0,0.0,0.0,0.0,0.0,0.0,0.0,0,16.0,289.0,200.0,18.0625,54.0,130.9577175168313,0.0,1.0,31.0,16.0,0.0,0.0,0.0,0.0,0.0,0.0,0.0
0.0,0.0,1,Australia,Deccan Chargers,900000.0,64.0,53.0,13.0,692.0,54,0.0,1.0,17.3,525.0,131.8,0.0,1.0,35.0,32.0,0.421875,27.0,0.0,1.0,1069.0,1423.0,0.0,59.0,24.11,7.98,18.1,3.0,0.0,0,0.0,0.0,0.0,0.0,0.0,0.0,0.0,0.0,0.0,0.0,0.0,0.0,0.0,0.0,0.0,0.0,0.0
0.0,1.0,0,India,Kings XI Punjab,900000.0,86.0,75.0,15.0,1466.0,90,0.0,1.0,24.43,1157.0,126.7,0.0,6.0,147.0,36.0,0.6162790697674418,53.0,21.0,0.0,12.0,10.0,0.0,1.0,10.0,5.0,12.0,0.0,0.0,0,14.0,278.0,242.0,19.857142857142858,69.0,112.45171849909798,0.0,1.0,26.0,6.0,0.0,0.0,0.0,0.0,0.0,0.0,0.0
0.0,0.0,1,West Indies,Mumbai Indians,900000.0,112.0,97.0,21.0,1990.0,89,0.0,1.0,26.18,1222.0,162.84,0.0,9.0,128.0,137.0,0.4553571428571429,51.0,0.0,1.0,1700.0,2242.0,1.0,107.0,20.95,7.91,15.8,2.0,0.0,1,14.0,273.0,152.0,19.5,45.0,179.9556124744095,0.0,0.0,23.0,17.0,12.0,233.0,263.0,17.0,21.91666666666667,7.666666666666668,2.0
0.0,0.0,0,India,Chennai Super Kings,900000.0,61.0,59.0,2.0,1598.0,127,0.0,1.0,28.03,1243.0,128.55,1.0,9.0,127.0,73.0,0.4262295081967213,26.0,0.0,0.0,6.0,4.0,0.0,0.0,0.0,4.0,0.0,0.0,0.0,1,15.0,458.0,305.0,30.53333333333333,127.0,131.5829775659497,1.0,3.0,36.0,26.0,0.0,0.0,0.0,0.0,0.0,0.0,0.0
0.0,0.0,0,India,Kings XI Punjab,900000.0,72.0,41.0,14.0,396.0,33,0.0,1.0,14.66,349.0,113.46,0.0,0.0,35.0,10.0,0.2916666666666667,21.0,0.0,1.0,1475.0,1838.0,1.0,75.0,24.5,7.47,19.6,1.0,0.0,0,6.0,62.0,63.0,10.333333333333334,22.0,115.10989010989012,0.0,0.0,7.0,0.0,14.0,296.0,361.0,13.0,25.785714285714285,7.726190476190476,1.0
0.0,0.0,0,India,Kochi,900000.0,53.0,17.0,10.0,72.0,19,0.0,0.0,10.28,91.0,79.12,0.0,0.0,13.0,0.0,0.16981132075471694,9.0,0.0,1.0,1062.0,1476.0,0.0,45.0,32.8,8.33,23.6,0.0,0.0,0,3.0,27.0,22.0,9.0,15.0,115.71428571428572,0.0,0.0,5.0,0.0,6.0,128.0,173.0,5.0,28.83333333333333,8.944444444444445,0.0
0.0,0.0,0,India,Royal Challengers Bangalore,900000.0,75.0,33.0,18.0,157.0,26,0.0,0.0,10.46,160.0,98.12,0.0,0.0,15.0,2.0,0.24,18.0,0.0,1.0,1668.0,2148.0,0.0,75.0,28.64,7.72,22.2,1.0,0.0,0,3.0,24.0,13.0,8.0,23.0,96.29629629629628,0.0,0.0,3.0,1.0,14.0,295.0,371.0,18.0,26.5,7.825,3.0
0.0,0.0,1,Sri Lanka,Pune Warriors,950000.0,54.0,46.0,13.0,857.0,65,0.0,1.0,25.96,708.0,121.04,0.0,3.0,67.0,24.0,0.3888888888888889,21.0,0.0,1.0,673.0,894.0,0.0,32.0,27.93,7.97,21.0,1.0,0.0,0,10.0,233.0,197.0,23.3,65.0,116.54900654900656,0.0,1.0,18.0,8.0,12.0,230.0,309.0,8.0,25.75,8.75,1.0
0.0,0.0,1,South Africa,Rajasthan Royals,950000.0,91.0,69.0,25.0,934.0,67,0.0,1.0,21.22,849.0,110.01,0.0,2.0,71.0,16.0,0.4065934065934066,37.0,0.0,1.0,1986.0,1985.0,1.0,82.0,24.2,5.99,24.2,2.0,0.0,0,0.0,0.0,0.0,0.0,0.0,0.0,0.0,0.0,0.0,0.0,0.0,0.0,0.0,0.0,0.0,0.0,0.0
0.0,0.0,0,India,Kochi,950000.0,54.0,43.0,9.0,832.0,47,0.0,1.0,24.47,711.0,117.01,0.0,0.0,60.0,28.0,0.3333333333333333,18.0,0.0,1.0,645.0,790.0,0.0,21.0,37.61,7.34,30.7,0.0,0.0,0,0.0,0.0,0.0,0.0,0.0,0.0,0.0,0.0,0.0,0.0,0.0,0.0,0.0,0.0,0.0,0.0,0.0
0.0,0.0,1,New Zealand,Rajasthan Royals,1000000.0,114.0,107.0,23.0,2788.0,111,1.0,1.0,33.19,1895.0,147.12,1.0,14.0,205.0,164.0,0.4912280701754386,56.0,0.0,0.0,186.0,280.0,0.0,8.0,35.0,9.03,23.2,0.0,0.0,0,7.0,88.0,77.0,12.571428571428573,31.0,114.19913419913419,0.0,0.0,2.0,6.0,0.0,0.0,0.0,0.0,0.0,0.0,0.0
0.0,1.0,1,South Africa,Royal Challengers Bangalore,1100000.0,88.0,81.0,16.0,1911.0,105,0.0,1.0,29.4,1516.0,126.05,1.0,11.0,145.0,62.0,0.7840909090909091,69.0,8.0,0.0,0.0,0.0,0.0,0.0,0.0,0.0,0.0,0.0,0.0,0,7.0,111.0,123.0,15.857142857142858,45.0,81.79618001046572,0.0,0.0,7.0,0.0,0.0,0.0,0.0,0.0,0.0,0.0,0.0
0.0,0.0,1,Australia,Deccan Chargers,1100000.0,94.0,89.0,23.0,2064.0,141,1.0,1.0,31.27,1541.0,133.93,2.0,10.0,125.0,104.0,0.40425531914893614,38.0,0.0,1.0,334.0,503.0,0.0,23.0,21.86,9.03,14.5,1.0,0.0,0,5.0,48.0,33.0,9.6,21.0,192.91375291375286,0.0,0.0,3.0,3.0,1.0,7.0,18.0,0.0,18.0,18.0,0.0
0.0,0.0,1,South Africa,Kolkata Knight Riders,1100000.0,82.0,81.0,12.0,2402.0,89,1.0,1.0,34.81,2107.0,114.0,0.0,21.0,246.0,51.0,0.4024390243902439,33.0,0.0,1.0,1256.0,1652.0,0.0,43.0,38.41,7.89,29.2,0.0,0.0,0,16.0,572.0,517.0,35.75,89.0,103.74138457471523,0.0,6.0,67.0,9.0,16.0,350.0,464.0,15.0,29.0,8.109375,1.0
0.0,0.0,1,Sri Lanka,Kochi,1100000.0,94.0,25.0,8.0,57.0,11,0.0,0.0,3.35,74.0,77.02,0.0,0.0,3.0,1.0,0.23404255319148934,22.0,0.0,1.0,2148.0,2275.0,1.0,111.0,20.49,6.35,19.3,3.0,0.0,0,1.0,1.0,2.0,1.0,1.0,50.0,0.0,0.0,0.0,0.0,12.0,306.0,320.0,16.0,26.66666666666667,6.5892857142857135,2.0
0.0,0.0,1,South Africa,Deccan Chargers,1200000.0,83.0,22.0,6.0,87.0,22,0.0,0.0,5.43,90.0,96.66,0.0,0.0,6.0,2.0,0.26506024096385544,22.0,0.0,1.0,1845.0,2087.0,1.0,88.0,23.71,6.78,20.9,1.0,0.0,0,4.0,13.0,17.0,3.25,8.0,47.22222222222222,0.0,0.0,2.0,0.0,15.0,382.0,377.0,17.0,25.13333333333333,6.333333333333332,3.0
0.0,0.0,0,India,Mumbai Indians,1300000.0,86.0,48.0,18.0,523.0,49,0.0,1.0,17.43,360.0,145.27,0.0,0.0,46.0,28.0,0.2558139534883721,22.0,0.0,1.0,1788.0,1987.0,0.0,77.0,25.8,6.66,23.2,1.0,1.0,1,1.0,0.0,1.0,0.0,0.0,0.0,0.0,0.0,0.0,0.0,8.0,151.0,163.0,10.0,20.375,7.28125,1.0
0.0,0.0,1,Australia,Rajasthan Royals,1300000.0,66.0,63.0,10.0,1715.0,97,1.0,1.0,32.35,1173.0,146.2,0.0,14.0,152.0,83.0,0.3333333333333333,22.0,0.0,1.0,1114.0,1344.0,0.0,55.0,24.43,7.23,20.2,1.0,0.0,1,5.0,185.0,117.0,37.0,60.0,142.4017094017094,0.0,2.0,18.0,9.0,6.0,139.0,177.0,7.0,29.5,8.11111111111111,2.0
0.0,0.0,0,India,Chennai Super Kings,1300000.0,88.0,85.0,14.0,2527.0,101,1.0,1.0,35.59,1780.0,141.96,1.0,18.0,210.0,111.0,0.4545454545454545,40.0,0.0,1.0,554.0,650.0,0.0,24.0,27.08,7.03,23.0,1.0,0.0,1,16.0,528.0,387.0,33.0,83.0,139.42893897325013,0.0,4.0,45.0,23.0,12.0,147.0,174.0,7.0,14.5,7.026654704944177,0.0
0.0,0.0,1,Australia,Kings XI Punjab,1400000.0,155.0,150.0,29.0,3897.0,100,1.0,1.0,32.2,2827.0,137.84,1.0,22.0,263.0,167.0,0.5548387096774193,86.0,0.0,1.0,964.0,1188.0,0.0,43.0,27.62,7.39,22.4,0.0,0.0,0,6.0,94.0,89.0,15.666666666666664,31.0,105.452152014652,0.0,0.0,5.0,5.0,5.0,60.0,80.0,0.0,16.0,8.8,0.0
1.0,0.0,1,Sri Lanka,Kochi,1500000.0,103.0,100.0,17.0,2525.0,110,1.0,1.0,30.42,1841.0,137.15,2.0,16.0,277.0,68.0,0.4368932038834951,45.0,0.0,0.0,69.0,82.0,0.0,3.0,27.33,7.13,23.0,0.0,0.0,0,13.0,445.0,312.0,34.230769230769226,110.0,140.34586411705058,1.0,2.0,55.0,12.0,0.0,0.0,0.0,0.0,0.0,0.0,0.0
0.0,0.0,0,India,Royal Challengers Bangalore,1600000.0,50.0,44.0,10.0,1017.0,69,0.0,1.0,29.91,808.0,125.86,0.0,5.0,86.0,39.0,0.3,15.0,0.0,0.0,0.0,0.0,0.0,0.0,0.0,0.0,0.0,0.0,0.0,0,15.0,419.0,319.0,27.93333333333333,61.0,119.42634479157871,0.0,3.0,29.0,18.0,0.0,0.0,0.0,0.0,0.0,0.0,0.0
1.0,1.0,0,India,Chennai Super Kings,1800000.0,95.0,85.0,28.0,2090.0,73,1.0,1.0,36.66,1568.0,133.29,0.0,9.0,156.0,78.0,0.3894736842105263,37.0,24.0,0.0,0.0,0.0,0.0,0.0,0.0,0.0,0.0,0.0,0.0,1,11.0,287.0,215.0,26.09090909090909,66.0,107.43000470995024,0.0,2.0,26.0,8.0,0.0,0.0,0.0,0.0,0.0,0.0,0.0
1.0,0.0,0,India,Mumbai Indians,1800000.0,60.0,60.0,8.0,2069.0,100,1.0,1.0,39.78,1659.0,124.71,1.0,13.0,268.0,26.0,0.38333333333333336,23.0,0.0,0.0,93.0,123.0,0.0,2.0,61.5,7.93,46.5,0.0,0.0,1,15.0,618.0,489.0,41.2,89.0,128.12936146081043,0.0,5.0,86.0,3.0,0.0,0.0,0.0,0.0,0.0,0.0,0.0
1.0,0.0,1,Australia,Rajasthan Royals,1800000.0,58.0,31.0,9.0,210.0,34,0.0,0.0,9.54,228.0,92.1,0.0,0.0,15.0,7.0,0.27586206896551724,16.0,0.0,1.0,1266.0,1522.0,0.0,59.0,25.79,7.21,21.4,1.0,0.0,1,6.0,10.0,21.0,1.6666666666666667,4.0,51.19047619047619,0.0,0.0,0.0,0.0,14.0,305.0,375.0,12.0,26.785714285714285,7.6190476190476195,1.0
0.0,0.0,0,India,Royal Challengers Bangalore,1800000.0,79.0,70.0,12.0,1714.0,76,0.0,1.0,29.55,1359.0,126.12,0.0,7.0,170.0,48.0,0.4177215189873418,33.0,0.0,0.0,252.0,358.0,0.0,4.0,89.5,8.52,63.0,0.0,0.0,1,13.0,307.0,216.0,23.615384615384613,58.0,131.09058444342725,0.0,1.0,26.0,12.0,4.0,33.0,49.0,0.0,12.25,8.0,0.0
1.0,0.0,0,India,Delhi Daredevils,1800000.0,77.0,76.0,4.0,2033.0,119,0.0,1.0,28.23,1250.0,162.64,1.0,13.0,247.0,81.0,0.24675324675324675,19.0,0.0,0.0,292.0,393.0,0.0,19.0,20.68,8.07,15.3,0.0,0.0,1,14.0,356.0,227.0,25.42857142857143,75.0,139.77892672220406,0.0,3.0,47.0,14.0,3.0,34.0,23.0,3.0,7.666666666666668,3.5,0.0
1.0,0.0,0,India,Pune Warriors,1800000.0,93.0,90.0,12.0,2130.0,71,0.0,1.0,27.3,1574.0,135.32,0.0,12.0,171.0,113.0,0.27956989247311825,26.0,0.0,1.0,738.0,892.0,0.0,40.0,22.3,7.25,18.4,1.0,0.0,0,14.0,259.0,206.0,18.5,47.0,116.89549078740806,0.0,0.0,21.0,14.0,10.0,139.0,151.0,6.0,15.1,7.441666666666667,1.0
0.0,0.0,0,India,Delhi Daredevils,1900000.0,83.0,67.0,23.0,968.0,60,0.0,1.0,22.0,757.0,127.87,0.0,1.0,71.0,40.0,0.24096385542168675,20.0,0.0,1.0,1695.0,2162.0,1.0,89.0,24.29,7.65,19.0,1.0,0.0,0,13.0,276.0,188.0,21.23076923076923,60.0,165.66422013711238,0.0,1.0,21.0,10.0,14.0,290.0,414.0,17.0,29.57142857142857,9.32511738833249,2.0
0.0,0.0,0,India,Mumbai Indians,2000000.0,97.0,91.0,18.0,2417.0,101,1.0,1.0,33.1,1843.0,131.14,1.0,15.0,209.0,100.0,0.4020618556701031,39.0,0.0,1.0,528.0,655.0,0.0,26.0,25.19,7.44,20.3,1.0,0.0,0,4.0,29.0,26.0,7.25,14.0,111.60714285714286,0.0,0.0,3.0,1.0,6.0,126.0,165.0,6.0,27.5,7.891414141414142,0.0
0.0,1.0,0,India,Pune Warriors,2100000.0,93.0,87.0,14.0,1816.0,68,0.0,1.0,24.87,1388.0,130.83,0.0,7.0,170.0,72.0,0.5376344086021505,50.0,10.0,0.0,0.0,0.0,0.0,0.0,0.0,0.0,0.0,0.0,0.0,0,14.0,374.0,224.0,26.714285714285715,68.0,160.02897257541218,0.0,3.0,21.0,27.0,0.0,0.0,0.0,0.0,0.0,0.0,0.0
0.0,0.0,0,India,Kolkata Knight Riders,2100000.0,90.0,82.0,10.0,1824.0,100,0.0,1.0,25.33,1142.0,159.71,1.0,9.0,152.0,111.0,0.37777777777777777,34.0,0.0,1.0,1320.0,1642.0,0.0,67.0,24.5,7.46,19.7,2.0,0.0,0,14.0,333.0,210.0,23.785714285714285,100.0,138.22302510383005,1.0,2.0,22.0,24.0,11.0,214.0,236.0,6.0,21.454545454545453,6.7727272727272725,0.0
1.0,0.0,0,India,Kolkata Knight Riders,2400000.0,87.0,85.0,9.0,2222.0,86,0.0,1.0,29.23,1831.0,121.35,0.0,17.0,266.0,23.0,0.14942528735632185,13.0,0.0,0.0,0.0,0.0,0.0,0.0,0.0,0.0,0.0,0.0,0.0,0,10.0,277.0,223.0,27.7,72.0,122.59042293525052,0.0,2.0,32.0,2.0,0.0,0.0,0.0,0.0,0.0,0.0,0.0
